title,type,num_episode,release_date,All realesed ,2023-01-01,2023-01-02,2023-01-03,2023-01-04,2023-01-05,2023-01-06,2023-01-07,2023-01-08,2023-01-09,2023-01-10,2023-01-11,2023-01-12,2023-01-13,2023-01-14,2023-01-15,2023-01-16,2023-01-17,2023-01-18,2023-01-19,2023-01-20,2023-01-21,2023-01-22,2023-01-23,2023-01-24,2023-01-25,2023-01-26,2023-01-27,2023-01-28,2023-01-29,2023-01-30,2023-01-31,2023-02-01,2023-02-02,2023-02-03,2023-02-04,2023-02-05,2023-02-06,2023-02-07,2023-02-08,2023-02-09,2023-02-10,2023-02-11,2023-02-13,2023-02-14,2023-02-15,2023-02-16,2023-02-17,2023-02-18,2023-02-19,2023-02-20,2023-02-21,2023-02-22,2023-02-23,2023-02-24,2023-02-25,2023-02-26,2023-02-27,2023-02-28,2023-03-01,2023-03-02,2023-03-03,2023-03-04,2023-03-05,2023-03-06,2023-03-07,2023-03-08,2023-03-09,2023-03-10,2023-03-11,2023-03-12,2023-03-13,2023-03-14,2023-03-15,2023-03-16,2023-03-17,2023-03-18,2023-03-19,2023-03-20,2023-03-21,2023-03-22,2023-03-23,2023-03-24,2023-03-25,2023-03-26,2023-03-27,2023-03-28,2023-03-29,2023-03-30,2023-03-31,2023-04-01,2023-04-02,2023-04-03,2023-04-04,2023-04-05,2023-04-06,2023-04-07,2023-04-08,2023-04-09,2023-04-10,2023-04-11,2023-04-12,2023-04-13,2023-04-14,2023-04-15,2023-04-16,2023-04-17,2023-04-18
Furies,Movie,,12/30/2022,TRUE,,,,,,,,,,,,,,,,,,,,,,,,,,,,,,,,,,,,,,,,,,,,,,,,,,,,,,,,,,,,,,,,,,,,,,,,,,,,,,,,,,,192,173,196,275,227,135,105,,,,,,,,,,,,,,,,,,
The Glory,TV,3,12/30/2022,TRUE,354,283,317,360,375,306,295,279,254,250,233,238,200,182,181,178,175,179,178,178,164,,,,,,,,,,,,,,,,,,,,,,,,,,,,,,,,,,,,,,,,,,,,,,,,679,766,781,794,798,797,750,719,659,624,606,599,558,483,401,376,338,322,322,290,265,251,255,249,232,,246,244,221,219,195,182,178,175,156,133,116,106,
White Noise,Movie,,12/30/2022,TRUE,426,412,325,265,192,129,,,,,,,,,,,,,,,,,,,,,,,,,,,,,,,,,,,,,,,,,,,,,,,,,,,,,,,,,,,,,,,,,,,,,,,,,,,,,,,,,,,,,,,,,,,,,,,,,,,,,
Treason,TV,12,12/26/2022,TRUE,451,352,250,167,,,,,,,,,,,,,,,,,,,,,,,,,,,,,,,,,,,,,,,,,,,,,,,,,,,,,,,,,,,,,,,,,,,,,,,,,,,,,,,,,,,,,,,,,,,,,,,,,,,,,,,
Labyu with an Accent,Movie,,12/25/2022,TRUE,,,,,,,,,,,,,,,,,,,,,,,,,,,,,,,,,,,,,,,,,,,,,,,,,,,,,,,,,,,,,,,,,,,,,,,,,,,,,,,,,,,,,,106,92,,,,,,,,,,,,,,,,,,,,
Narvik,Movie,,12/25/2022,TRUE,,,,,,,,,,,,,,,,,,,,,,,,588,722,803,795,726,701,625,595,475,325,240,97,,,,,,,,,,,,,,,,,,,,,,,,,,,,,,,,,,,,,,,,,,,,,,,,,,,,,,,,,,,,,,,,,,,,,,,,
The Witcher: Blood Origin,TV,10,12/25/2022,TRUE,321,239,,,,,,,,,,,,,,,,,,,,,,,,,,,,,,,,,,,,,,,,,,,,,,,,,,,,,,,,,,,,,,,,,,,,,,,,,,,,,,,,,,,,,,,,,,,,,,,,,,,,,,,,,
7 donne e un mistero,Movie,,12/25/2021,TRUE,290,180,111,,,,,,,,,,,,,,,,,,,,,,,,,,,,,,,,,,,,,,,,,,,,,,,,,,,,,,,,,,,,,,,,,,,,,,,,,,,,,,,,,,,,,,,,,,,,,,,,,,,,,,,,
Bridgerton,TV,3,12/25/2020,TRUE,,,,,,,,,,,,,,,,,,,,,,,,,,,,,,,,,,,,,,,,,,,,,,,,,,,,,,,,,,,,,,,,,,,,,,,,,,,,,,,,,,,,,,,,,,,,,,,,,,,,,,,,,,,
Little Women,Movie,,12/25/2019,TRUE,,,,,,,,,,,,,,,,,,,,,,,,,,,,,,,,,,,,,,,,,,,,,,,,,,,,,,,,121,126,,,,,,,,,,,,,,,,,,,,,,,,,,,,,,,,,,,,,,,,,,,,,,,,,,
Cirkus,Movie,,12/23/2022,TRUE,,,,,,,,,,,,,,,,,,,,,,,,,,,,,,,,,,,,,,,,,,,,,,,,147,135,125,117,109,102,86,,,,,,,,,,,,,,,,,,,,,,,,,,,,,,,,,,,,,,,,,,,,,,,,,,,,,
Scent of a Woman,Movie,,12/23/1992,TRUE,,,,,,,,,,,,,,,,,,,,,,,,,,,,,,,,,,,,,,,,,,,,,,,,,,,128,158,131,123,96,,,123,,,,,,,,,,,,,,,,,,,,,,,,,,,,,,,,,,,,,,,,,,,,,,,,,
El último hombre sobre la Tierra,Movie,,12/22/2022,TRUE,,,,,,,,,,,,,,,,,,,,,,,,,,,,,,,,,,,,,,,,,,,,,,,,,,,,,,,,,,,,,,,,,,,,,,,,,,,,,,,,95,,,,,,,,,,,,,,,,,,,,,,,,,,,
Faithfully Yours,Movie,,12/22/2022,TRUE,,,,,,,,,,,,,,,,,,,,,,,,,,,,,,,,,,,,,,,,,,,,,,,,,,,,,,,,,,,,,,,,,,,,,,,,,,,,,,,,,,,,,,,,,,,,,,,,,,,,,,,,,,,
Kaapa,Movie,,12/22/2022,TRUE,,,,,,,,,,,,,,,,,,,,109,89,,,,,,,,,,,,,,,,,,,,,,,,,,,,,,,,,,,,,,,,,,,,,,,,,,,,,,,,,,,,,,,,,,,,,,,,,,,,,,,,,,,,,,
The Interest of Love,TV,3,12/21/2022,TRUE,,,,,,,,,,,,,,,,,,,,,,,,,,,,,,,,,,,,,,,,,123,,,,,,,,,,,,,,,,,,,,,,,,,,,,,,,,,,,,,,,,,,,,,,,,,,,,,,,,,,,,,,,,,,
Sing,Movie,,12/21/2016,TRUE,,,,,,138,150,149,142,163,180,187,192,181,176,163,167,168,172,186,172,173,151,149,135,141,147,132,,,128,,,,,,,,,,,,,,,,,,,,,,,,,,,,,,,,,,,,,,,,,,,,,,,,,,,,,,,,,,,,,,,,,,,,,,,,,,,,
Pitch Perfect 3,Movie,,12/20/2017,TRUE,,,,,,,,,,,,,,,,,,,,,,,,,,,,,,,,,,,,,,,,,,,,,,,,,,,,90,,,,,,,,,,,,,,,,,,,,,,,,,,,,,,,,,,,,,,,,,,,,,,,,,,,,,,,
The Price of Family,Movie,,12/19/2022,TRUE,,,,,,,,,,,,,,,,,,,,,,,,,,,198,217,280,292,322,264,157,,,,,,,,,,,,,,,,,,,,,,,,,,,,,,,,,,,,,,,,,,,,,,,,,,,,,,,,,,,,,,,,,,,,,,,,,,
The Father,Movie,,12/18/2020,TRUE,,,,,,,,,,,,,,,,,,,,,,,,,,,,,,,,,,,,,,,,,,,,,,,,,,,,,,,,,,,,,,,,,,,,,,,,,,,,,,,,,,,,,,,,,,,,,,,,,,,,,,,,,,,
The Recruit,TV,4,12/16/2022,TRUE,299,231,208,213,187,124,,,,,,,,,,,,,,,,,,,,,,,,,,,,,,,,,,,,,,,,,,,,,,,,,,,,,,,,,,,,,,,,,,,,,,,,,,,,,,,,,,,,,,,,,,,,,,,,,,,,,
The Great Wall,Movie,,12/16/2016,TRUE,,,,,,,,,,,,,,,,,,,,,,,,,,,,,,,,,,,,,,,,,,,,,,,,,,,,,,,,,,,,,,,,,,,,,,,,,,,,,,,,,,,,,,,,,,,,,,,,,,,,,,,,,,,
Spider-Man: No Way Home,Movie,,12/15/2021,TRUE,,,,,,,,,,,,,,,,,,,,,,,,,,,,,,164,149,145,129,119,93,,,,,,,,,,,,,,,,,,,,,,,,,,,,,,,,,,,,,,,,,,,,,,,,,,,,,,,,,,,,,,,,,,,,,,,,
Army of One,Movie,,12/14/2020,TRUE,,,,,,,,,,,,,,,,,,,,,,,,,,,,,,,,,,,,,,,,,,,,,,,,,,,,210,210,206,185,167,152,148,152,,,,,,,,,,,,,,,,,,,,,,,,,,,,,,,,,,,,,,,,,,,,,,,,
Mr. Queen,TV,6,12/12/2020,TRUE,,,,,,,,,,,,,,,,,,,,,,,,,,,,,,,,,,,,,,,,,,,,,,,232,304,313,340,357,,333,302,291,272,255,270,271,260,227,219,196,174,179,182,173,136,95,100,,,,111,98,,,,,,,,,,,,,,,,,,,,,,,,,,,,,,,,
Alice in Borderland,TV,9,12/10/2020,TRUE,510,415,391,373,327,279,263,230,222,235,208,215,177,159,142,152,164,159,155,,,,,,,,,,,,,,,,,,,,,,,,,,,,,,,,,,,,,,,,,,,,,,,,,,,,,,,,,,,,,,,,,,,,,,,,,,,,,,,,,,,,,,,,
Vadh,Movie,,12/09/2022,TRUE,,,,,,,,,,,,,,,,,,,,,,,,,,,,,,,,,,,,115,114,115,102,,,,,,,,,,,,,,,,,,,,,,,,,,,,,,,,,,,,,,,,,,,,,,,,,,,,,,,,,,,,,,,,,,,,
True Beauty,TV,11,12/09/2020,TRUE,,,,,,,,,,,,,,,,,,,,,,,,,,,,,,,,,,,,,,164,242,264,263,264,267,278,270,270,263,260,254,244,246,,222,212,207,202,202,209,203,202,194,181,171,150,158,165,143,124,,,,,102,102,,,,,,,93,,,,,,,,,,75,,,,,,,,,,,,,,,,
"I, Tonya",Movie,,12/08/2017,TRUE,,,,,,,,,,,,,,,,,131,165,162,130,,,,,,,,,,,,,,,,,,,,,,,,,,,,,,,,,,,,,,,,,,,,,,,,,,,,,,,,,,,,,,,,,,,,,,,,,,,,,,,,,,,,,,,
Half Brothers,Movie,,12/04/2020,TRUE,,,,,,,,,,,,,,,,,,,,,,,,,,,,,,,,,,,,,,,,,,,,,137,117,,,,,,,,,,,,,,,,,,,,,,,,,,,,,,,,,,,,,,,,,,,,,,,,,,,,,,,,,,,,,
Stillwater,TV,10,12/04/2020,TRUE,,,,,,,,,,,,,,,,,,,,,,,,,,,,,,,,,,,,,,,,,,,,,,,,,,,,,,,,,,,,,,,,,,,,,,,,,,,,,,,,,,,,,,,,,,,,,,,,,,,,,,,,,,,
Jumanji: The Next Level,Movie,,12/04/2019,TRUE,,204,207,207,206,203,190,181,177,169,159,145,146,127,129,119,110,,108,120,102,103,110,,,,,,,,,,,,,,,,,,,,,,,,,,,,,,,,,,,,,,,,,,,,,,,,,,,,,,,,,,,,,,,,,,,,,,,,,,,,,,,,,,,,
An Action Hero,Movie,,12/02/2022,TRUE,,,,,,,,,,,,,,,,,,,,,,,,,,,,,131,132,152,139,122,112,,,,,,,,,,,,,,,,,,,,,,,,,,,,,,,,,,,,,,,,,,,,,,,,,,,,,,,,,,,,,,,,,,,,,,,,,
Gatta Kusthi,Movie,,12/02/2022,TRUE,,,,95,,,,89,,,,,,,,,,,,,,,,,,,,,,,,,,,,,,,,,,,,,,,,,,,,,,,,,,,,,,,,,,,,,,,,,,,,,,,,,,,,,,,,,,,,,,,,,,,,,,,,,,,
Knives Out,Movie,,11/27/2019,TRUE,212,180,170,141,126,115,100,100,96,,,,,,,,,,,,,,,,,,,,,,,,,,,,,,,,,,,,,,,,,,,,,,,,,,,,,,,,,,,,,,,,,,,,,,,,,,,,,,,,,,,,,,,,,,,,,,,,,,
Roald Dahl's Matilda the Musical,Movie,,11/25/2022,TRUE,604,466,455,404,347,325,234,197,113,103,,,,93,84,,,,,,,,,,,,,,,,,,,,,,,,,,,,,,,,,,,,,,,,,,,,,,,,,,,,,,,,,,,,,,,,,,,,,,,,,,,,,,,,,,,,,,,,,,,,
The Croods: A New Age,Movie,,11/25/2020,TRUE,,,,,,,,,,,,,,,,87,,104,,,,,,,,,,,,,,,,,,,,,,,,,,,,,,,,,,,,,,,,,,,,,,,,,,,,,,,,,,,,,,,,,,,,,,,,,,,,,,,,,,,,,,,,,
Devotion,Movie,,11/23/2022,TRUE,,,,,,,,,,,,,,,,,,,,,,104,111,114,117,108,,,,,,,,,,,,,,,,,,,,,,,,,,,,,,,,,,,,,,,,,,,,,,,,,,,,,,,,,,,,,,,,,,,,,,,,,,,,,,,,,
Glass Onion: A Knives Out Mystery,Movie,,11/23/2022,TRUE,862,826,775,719,670,647,598,574,567,520,489,458,444,463,479,451,382,347,309,320,341,368,348,274,263,268,327,309,332,319,285,243,163,137,,,,,,,,,,,,,,,,,,,,,,,,,,,,,,,,,,,,,,,,,,,,,,,,,,,,,,,,,,,,,,,,,,,,,,,,,
Wednesday,TV,11,11/23/2022,TRUE,770,754,704,666,656,592,606,627,612,598,599,619,572,579,603,593,577,578,586,567,553,545,518,478,465,469,408,397,414,419,397,350,354,358,417,446,455,415,365,374,310,312,300,251,222,,,,,,,,,,,,,,,,,,,,,,,,,,,,,,,,,,,,,,,,,,,,,,,,,,,,,,,,,,,,,,
Viking Wolf,Movie,,11/18/2022,TRUE,,,,,,,,,,,,,,,,,,,,,,,,,,,,,,,,,,,685,734,759,718,679,602,544,401,276,161,,,,,,,,,,,,,,,,,,,,,,,,,,,,,,,,,,,,,,,,,,,,,,,,,,,,,,,,,,,,,,,
How the Grinch Stole Christmas,Movie,,11/17/2000,TRUE,174,,,,,,,,,,,,,,,,,,,,,,,,,,,,,,,,,,,,,,,,,,,,,,,,,,,,,,,,,,,,,,,,,,,,,,,,,,,,,,,,,,,,,,,,,,,,,,,,,,,,,,,,,,
¡Que viva México!,Movie,,11/16/2022,TRUE,,,,,,,,,,,,,,,,,,,,,,,,,,,,,,,,,,,,,,,,,,,,,,,,,,,,,,,,,,,,,,,,,,,,,,,,,,,,,,,,,,,,,,,,,,,,,,,,,,,,,,,,,,,
Meet Joe Black,Movie,,11/12/1998,TRUE,,,,,,,,,,,,,,,,,,,,,,,,,,,,,,,,,,,,,,,,,,,,,,,,,,,,,,,,,,,,,,,,,,,,,,,,,80,,,,,,,,,,,,,,,,,,,,,,,,,,,,,,,,,,
Thai Massage,Movie,,11/11/2022,TRUE,,,,,,,,,,,82,,,,,,,,,,,,,,,,,,,,,,,,,,,,,,,,,,,,,,,,,,,,,,,,,,,,,,,,,,,,,,,,,,,,,,,,,,,,,,,,,,,,,,,,,,,,,,,,
Guillermo del Toro's Pinocchio,Movie,,11/09/2022,TRUE,128,,,,,,,,,,,,,,,,,,,,,,,,,,,,,,,,,,,,,,,,,,,,,,,,,,,,,,,,,,,,,,,,,,,,,,,,,,,,,,,,,,,,,,,,,,,,,,,,,,,,,,,,,,
Woman of the Dead,TV,10,11/07/2022,TRUE,,,,,,,159,225,266,296,278,252,187,139,,,,,,,,,,,,,,,,,,,,,,,,,,,,,,,,,,,,,,,,,,,,,,,,,,,,,,,,,,,,,,,,,,,,,,,,,,,,,,,,,,,,,,,,,,,,,
Let Him Go,Movie,,11/05/2020,TRUE,,,,,,,,,,,,,,,,,,,,,,,,,,,,,,,,,,,,,,,,,,,,,,,,,,,,,,,,,,,,,,,,,,,,,,,,,,,,,,,,,,,,,,,,,,,,,,,,,,,,,,,,,,,
Mili,Movie,,11/04/2022,TRUE,158,137,143,133,131,,106,,,,,,,,,,,,,,,,,,,,,,,,,,,,,,,,,,,,,,,,,,,,,,,,,,,,,,,,,,,,,,,,,,,,,,,,,,,,,,,,,,,,,,,,,,,,,,,,,,,,
Stromboli,Movie,,11/03/2022,TRUE,,,,,,,,,,,,,,,,,,,,,,,,,,,,,,,,,,,,,85,126,107,,,,,,,,,,,,,,,,,,,,,,,,,,,,,,,,,,,,,,,,,,,,,,,,,,,,,,,,,,,,,,,,,,,,
The Walking Dead,TV,8,10/31/2010,TRUE,,,,,,,,,,,,,,,,,,,,,,,,,,,,,,,,,,,,,,,,,,,,,,,,,,,,,159,,141,135,,,,,,,,,,,,,,,,,,,,,,,,,,,,,,,,,,,,,,,,,,,,,,,,,,,
All Quiet on the Western Front,Movie,,10/28/2022,TRUE,,,,,,,,,,,,,,,,,,,,,,,,,,96,199,201,230,250,251,186,,109,,,,,,,,,,,,,,,,,,,,,,,,,,,,,,,,,,,,,,220,244,195,186,145,140,116,103,111,116,137,163,159,123,,,,,,,,,,,,,,,,,,,,,,
Puss in Boots,Movie,,10/27/2011,TRUE,,,,,,,,,,,,,,,,,110,135,141,167,161,168,167,171,164,169,169,148,141,133,148,,,,,,,,,,,,,,,,,,,,,,,,,,,,,,,,,,,,,,,,,,,,,,,,,,,,,,,,,,,,,,,,,,,,,,,,,,,,
Remember,Movie,,10/26/2022,TRUE,,,,,,,,,,,,,,,,,,,,,,,,,,,,,,,,,,,,,,,,,,,,,,207,,,,,,,,,,,,,,,,,,,,,,,,,,,,,,,,,,,,,,,,,,,,,,,,,,,,,,,,,,,,,
Synchronic,Movie,,10/23/2020,TRUE,,,,,,,,,,,,,,,,,,,,,,,,,,,,,,,,,,,,,,,,,,,,,,,,,,,,,,,,,,,,,,,,,,,,,,,,,,,,,,,,,,,,,,,,,,,,,,,,,,,,,,,,,,,
Still Time,Movie,,10/22/2022,TRUE,,,,,,,,,,,,,,,,,,,,,,,,,,,,,,,,,,,,,,,,,,,,,,,,,,,,,,,,,,,,,,,,,,,,,,,,,,,190,302,354,343,332,313,296,285,203,179,149,,,,,,,,,,,,,,,,,,,,,,
John Wick,Movie,,10/22/2014,TRUE,,,,,,,,,,,,,,,,,,,,,,,,,,,,,,,,,,,,,,,,,,,,,,,,,,,,,,,,,,,,,,,,,,,,,,,,,,,,,,,,,,,,,,,,93,94,69,,,,,,,,,,,,,,,,,
The Year I Started Masturbating,Movie,,10/21/2022,TRUE,,,,,,,,,,,,,,,,,,,,,,,,,,,,,,,,,,,,,,,,,,,,,,,,,,,,,,,,,,,,,,,,,,,,,,,,,,,,,,,,,,,,,,,,,,,,,,,,,,,,,,,,,,,
Perfume: The Story of a Murderer,Movie,,10/18/2006,TRUE,,,,,,,,,,,,,,,,,,,,,,,,,,,,,,,,,,,,,,,,,,,,,,,,,,,,,,,,,,,,,,,,,,,,,,,,,,,,,,101,127,139,143,146,133,113,109,98,87,,,,,,,,,,,,,,,,,,,,
2 Hearts,Movie,,10/16/2020,TRUE,,,,,,,,,,,,,,,,,,,,,,,,,,,,,,,,,,,,,,,,,,,,,,,,,,,,,,,,,,,,,,,,,,,,,,,,,,,,,,,,,,,,,,,,,,,,,,,,,,,,,,,,,,,
Re/Member,Movie,,10/14/2022,TRUE,,,,,,,,,,,,,,,,,,,,,,,,,,,,,,,,,,,,,,,,,,,,,,,220,144,,116,,,,,,,,,,,,,,,,,,,,,,,,,,,,,,,,,,,,,,,,,,,,,,,,,,,,,,,,,
Maestro in Blue,TV,9,10/13/2022,TRUE,,,,,,,,,,,,,,,,,,,,,,,,,,,,,,,,,,,,,,,,,,,,,,,,,,,,,,,,,,,,,,,,,,,,,,,,,,,,,111,219,233,229,150,,,,,,,,,,,,,,,,,,,,,,,,,,
Noise,Movie,,10/13/2022,TRUE,,,,,,,,,,,,131,143,106,89,,,,,,,,,,,,,,,,,,,,,,,,,,,,,,,,,,,,,,,,,,,,,,,,,,,,,,,,,,,,,,,,,,,,,,,,,,,,,,,,,,,,,,,,,,,,
The Last Kingdom,TV,4,10/10/2015,TRUE,,,,,,,,,,,,,,,,,,,,,,,,,,,,,,,,,,,,,,,,,,,,,,,,,,,,,,,,,,,,,,,,,,,,,,,94,,,,,94,,,,,,,,,,,,,,,,,,,,,,,,,,,,,,,
Sniper: Ultimate Kill,Movie,,10/03/2017,TRUE,,,,,,,,,,,,,,,,,,,,,,,,,,,,,,,,,,,95,,,,,132,175,164,155,142,123,,,,,,,,,,,,,,,,,,,,,,,,,,,,,,,,,,,,,,,,,,,,,,,,,,,,,,,,,,,,,,
Emily in Paris,TV,12,10/02/2020,TRUE,649,598,543,524,493,389,361,334,315,329,301,305,241,232,206,207,213,210,206,146,,,,,,,,,,,,,,,,,,,,,,,,,,,,,,,,,,,,,,,,,,,,,,,,,,,,,,,,,,,,,,,,,,,,,,,,,,,,,,,,,,,,,,,
Maid,TV,12,10/01/2021,TRUE,,,,,,,,,,,,,,,,,,,,,,,,,,,,,,,,,,,,,,,,,,,,,,,,,,,,,,,,,,,,,,,,,,,,,,,,,,,,,,,,,,,,,,,,,,,,,,,,,,,,,,,,,,,
Ganglands,TV,6,09/24/2021,TRUE,,,,,,,,,,,,,,,,,,,,,,,,,,,,,,,,,,,,,,,,,,,,,,,,,138,261,278,,136,,,,,,,,,,,,,,,,,,,,,,,,,,,,,,,,,,,,,,,,,,,,,,,,,,,,,,
Johnny,Movie,,09/23/2022,TRUE,,,,,,,,,,,,,,,,,,,,,,,,,,,,,,,,,,,,,,,,,,,,,,,,,,,,,,,,,,,,,,,,,,,,,,,,,,,,,,,,,,,,185,242,287,260,175,118,,,,,,,,,,,,,,,,,,
Brawl in Cell Block 99,Movie,,09/23/2017,TRUE,,,135,163,139,131,,,78,,,,,,,,,,,,,,,,,,,,,,,,,,,,,,,,,,,,,,,,,,,,,,,,,,,,,,,,,,,,,,,,,,,,,,,,,,,,,,,,,,,,,,,,,,,,,,,,,,
The Blacklist,TV,3,09/23/2013,TRUE,,,,,,,,,,,,,,,,,,,,,,,,,,,,,,,,,,,,,,,,,,,,,,,,,,,,,,,,,,,,,,,,,,,,,,,,,,,,,,,,,,,,,,,,,,,154,187,185,,215,195,170,146,143,131,173,146,106,,,,
Designated Survivor,TV,10,09/21/2016,TRUE,,,,,,,,,,,,,,,,,,,,,,,,,,,,,,,,,,,,,,,,,,,,,,,,,,,,,,,,,,,,,,,,,,,,,,,,,,,,,,,,,,,,,,,,,,,,,,,,,,,,,118,128,,,,,
Les Combattantes,TV,5,09/19/2022,TRUE,,,,,,,,,,,,,,,,,,,,136,273,446,478,422,428,361,327,227,178,165,,,,,,,,,,,,,,,,,,,,,,,,,,,,,,,,,,,,,,,,,,,,,,,,,,,,,,,,,,,,,,,,,,,,,,,,,,,,,
You,TV,4,09/09/2018,TRUE,,,,,,,,,,,,,,,,,,,,,,,,,,,,,,,,,,,,,,,,,794,844,820,786,745,693,662,620,567,522,496,,314,222,161,155,163,171,146,,,,,,,,,770,804,774,773,758,748,724,662,616,584,531,513,501,482,406,342,293,269,275,279,231,168,144,,,,,,,,,,,,,,,,,
Close to Home: Murder in the Coalfield,TV,12,09/08/2022,TRUE,,,,,,,,,,,,,,,,,,,,,,,,,,,,,,,,,,,,,,,,,,,,,,,,,,,,,,,,,,,,,,,,,,,,,,,,,,,,,,,,,204,170,114,111,112,,,,,,,,,,,,,,,,,,,,,,
Honest Thief,Movie,,09/03/2020,TRUE,,172,183,167,174,168,144,152,160,109,,,,,,,,,,,,,,,,,,,,,,,,,,,,,,,,,,,,,,,,,,,,,,,,,,,,,,,,,,,,,,,,,,,,,,,,,,,,,,,,,,,,,,,,,,,,,,,,,
The American,Movie,,09/01/2010,TRUE,,,,,,,,,,,,,,,,,,,,,,,,,,,,,,,,,,,,,,,,,,,,,,,,,,,,,,,,,,,,,,,,,,,,,,,,,,,,,,,,,,,,,,,,,,,,67,,,,,,,,,,,,,,,
Curve,Movie,,08/31/2015,TRUE,,,,,,,,,,,,,,,,,,,,,,,,,,,,,,,,,,,,,,,,,,,,,,,,157,157,,94,,,,,,,,,,,,,,,,,,,,,,,,,,,,,,,,,,,,,,,,,,,,,,,,,,,,,,,,
The Constant Gardener,Movie,,08/31/2005,TRUE,,,,,,,,,,,,,,,,,,,,,,,,,,,,,,,,,,,,,,,,,,,,,,,,,,,,,,,,,,,,,,,,,144,151,119,113,,104,109,,,,,,,,,,,,,,,,,,,,,,,,,,,,,,,,,,,,
Colombiana,Movie,,08/26/2011,TRUE,,,,,,,,,,96,122,106,99,,,,,,,,,,,,,,,,,,,,,,,,,,,,,,,,,,,,,,,,,,,,,,,,,,,,,,,,,,,,,,,,,,,,,,,,,,,,,,,,,,,,,,,,,,,,,,
The Invitation,Movie,,08/24/2022,TRUE,,,,,,,,,,,,,,,,91,,,,,,,,,,,,,,,,,,,,,,,,,,,,,,,,,,,,,,,,,,,,,,,,,,,,,,,,,,,,,,,,,,,,,,,,,,,,,,,,,,,,,,,,,,,
The Kingdom,Movie,,08/22/2007,TRUE,,,,,,,,,,,,,,,,,,,,,,,,,,,,,,,,,,,,,,,,,,,,,,,,,,,,,,,,,,,,,,,,,,,,,,,,,,,,,,,,,,,,,,,,,,,,,,102,108,172,120,,,,,,,,,,
Red Rose,Movie,,08/15/2022,TRUE,,,,,,,,,,,,,,,,,,,,,,,,,,,,,,,,,,,,,,,,,,,,,,,290,366,403,401,411,337,289,171,,,,,,,,,,,,,,,,,,,,,,,,,,,,,,,,,,,,,,,,,,,,,,,,,,,,,
PAW Patrol: The Movie,Movie,,08/09/2021,TRUE,,,,,,,,,,,,,,,,,,,,,,,,,,,,,,,,,,,,,,,,,,,,,,,,,,,,,,,,,,,,,129,150,145,125,131,133,122,141,126,123,116,108,114,97,,,,,,,,119,118,104,92,116,106,111,110,77,82,78,90,,,90,,,,,,106,127,106,,,89
The Tax Collector,Movie,,08/07/2020,TRUE,,,,,,,,,,,,,,,,,,,,,,,,,,,,,,,,,,,,,,,101,108,108,,,,,,,,,,,,,,,,,,,,,,,,,,,,,,,,,,,,,,,,,,,,,,,,,,,,,,,,,,,,,,,,,,
Emergency Declaration,Movie,,08/03/2022,TRUE,,,,,,,,,,,,,,,,,,,,,,,,,,,,,,,,,,,,,,,,,,,,,,,,,,,,,,,,,,,,,,,,,,,,,,,,,,,,,,,,,,,,,,,,170,170,154,150,151,149,136,136,131,107,,,,,,,,,,
Sniper: Ghost Shooter,Movie,,08/02/2016,TRUE,,,,,,,,,,,,,,,,,,,,,,,,,,,,,,,,,207,208,201,176,153,134,125,111,,,,,,,,,,,,,,,,,,,,,,,,,,,,,,,,,,,,,,,,,,,,,,,,,,,,,,,,,,,,,,,,,,,
Paradise Highway,Movie,,07/29/2022,TRUE,,,,,,,,,,,,,,,,,,,,,,,,,,,,,,,,,,,,,,,,,,,,,,,,,,,,,,,,,,,,,,,107,112,115,113,111,,90,,,,,,,,,,,,,,,,,,,,,,,,,,,,,,,,,,,,,,
Snake Eyes: G.I. Joe Origins,Movie,,07/23/2021,TRUE,,,,,,,,,,,,,,,,,,,,,,,80,92,,,,,,,,,,,,,,,,,,,,,,,,,,,,,,,,,,,,,,,,,,,,,,,,,,,,,,,,,,,,,,,,,,,,,,,,,120,116,104,97,,,,,,,
Old,Movie,,07/21/2021,TRUE,,,,,,,,,,,,,,,,,,,,,,,,,,,,,,,,,,,,,,,,,,,,,,,,,,,,,,,,,,,,,,,,,,,,,,,,,,,,,,,,,,,,,,,,,,,,,,,,,,,,,,,,,,,
Barbie: Mermaid Power,Movie,,07/17/2022,TRUE,,,,,,,,,,,,,,,,,,,,,,,,,,,,,,,,,,,,,,,,,,,,,,,,,,,,,,,,,,,,,,,,,,,,,,,,,,,,,,,,,,,,,,,,,,69,,,,,,,,,,,,,,,,,
Indian Matchmaking,TV,7,07/16/2020,TRUE,,,,,,,,,,,,,,,,,,,,,,,,,,,,,,,,,,,,,,,,,,,,,,,,,,,,,,,,,,,,,,,,,,,,,,,,,,,,,,,,,,,,,,,,,,,,,,,,,,,,,,,,,,,
Where the Crawdads Sing,Movie,,07/15/2022,TRUE,,,,,,,,,,89,88,91,,,87,,,,,,,,,,,,,,,,,,,,,,,,,,,,,,,,,,,,,,,,,,,,,,,,,,,,,,,,,,,,,,,,,,,,,,,,,,,,,,,,,,,,,,,,,,,,
Wrong Place,Movie,,07/15/2022,TRUE,,,,,,,,,,,,,,,,,,,,,,,,,,,,,,,,,,,,,,,,,,,,,,,,,,,,,,,,,,,,,,,,,,,,,,,,,,,,,,,,,,,,,,,,,,,,,,,,,,,,,,,,,,,
Hard Target 2,Movie,,07/14/2016,TRUE,,142,222,312,291,309,248,218,193,109,,,,,,,,,,,,,,,,,,,,,,,,,,,,,,,,,,,,,,,,,,,,,,,,,,,,,,,,,,,,,,,,,,,,,,,,,,,,,,,,,,,,,,,,,,,,,,,,,
Mission: Impossible - Fallout,Movie,,07/13/2018,TRUE,,,,,,,,,,,,,,,,,,,,,,,,,,,,,,,,,,,,,,,,,,,,,,,,,,159,158,303,372,315,239,190,167,145,158,,,,,,,,,,,,,,,,,,,,,,,,,,,,,,,,,,,,,,,,,,,,,,,,
Under Siege 2: Dark Territory,Movie,,07/13/1995,TRUE,,,,,,,,,,,,,,,,,,,129,,,,,,,,,,,,,,,,,,,,,,,,,,,,,,,,,,,,,,,,,,,,,,,,,,,,,,,,,,,,,,,,,,,,,,,,,,,,,,,,,,,,,,,,
The Secret Life of Pets,Movie,,07/08/2016,TRUE,,,,,,,,,,,,,,,,,,,,,,,,,,,,,,,,,,,,,,,,,,,,,,,,,,,,,,117,115,,,,,,,,,,,,,,,,,,,,,,,,,,,,,,,,,,,,,,,,,,,,,,,,,,,,
Meet Dave,Movie,,07/08/2008,TRUE,,,,,,,,,,,,,,,,,,119,115,,,,,,,,,,,,,,,,,,,,,,,,,,,,,,,,,,,,,,,,,,,,,,,,,,,,,,,,,,,,,,,,,,,,,,,,,,,,,,,,,,,,,,,,
Archive,Movie,,07/01/2020,TRUE,,,,,,,,,,,,,97,,,,,,,,,,,,,,,,,,,,,,,,,,,,,,,,,,,,,,,,,,,,,,,,,,,,,,,,,,,,,,,,,,,,,,,,,,,,,,,,,,,,,,,,,,,,,,
The Forever Purge,Movie,,06/30/2021,TRUE,,,,,,,,,,,,,,,,,,,,,,,,,,,,,,,,,,,,,,,,,,,,,,,,,,,,,,,,,,,,,,,,,,,,,88,86,81,144,142,129,103,,,,,,,,,,,,,,,,,,,,,,,,,,,,,,,,
Sex/Life,TV,4,06/25/2021,TRUE,,,,,,,,,,,,,,,,,,,,,,,,,,,,,,,,,,,,,,,,,,,,,,,,,,,,,,,,,,,,,605,754,765,748,743,735,661,547,481,434,403,399,384,377,320,306,270,242,239,235,190,170,,,,91,,,,,,,,,,,,,,,,,,,,,
Knight and Day,Movie,,06/23/2010,TRUE,,,,,,,,,,,,,,,,,,,,,,,,,,,,,,,,,,,,,,,,,,,,,,,,,,,,,102,115,99,,,,,,,,,,,,,,,,,,,,,,,,,,,,,,,,,,,,,,,,,,,,,,,,,,,,
Alchemy of Souls,TV,7,06/18/2022,TRUE,,225,166,,,,,172,253,221,137,,,,,,,,,,,146,,,,,,,,,,,,,,244,138,,,,,,164,,,,,,221,,,,,,,,,,,,,,,,,,,,,,,,,,,,,,,,,,,,,,,,,,,,,,,,,,,,,,,,,,
Record of Ragnarok,TV,12,06/17/2021,TRUE,,,,,,,,,,,,,,,,,,,,,,,,,,,441,550,476,381,334,240,171,136,,,,,,,,,,,,,,,,,,,,,,,,,,,,,,,,,,,,,,,,,,,,,,,,,,,,,,,,,,,,,,,,,,,,,,,,,
Sniper: Assassin's End,Movie,,06/15/2020,TRUE,,,,,,,,,,,,,,,,,,,,,,,,,,,,,,,,,,,,,,,,,,,,,,,,,,,,,,,,,,,,,,,,,,,,,,,,,,,,,,,,,,,,,,,,,,,,,,,,,,,,,,,,,,,
Jurassic World,Movie,,06/12/2015,TRUE,,,,,,,,,,,,,,,,,,,,,,,,,,,,,,,,,,,,,,,,,,,,,,,,,180,246,369,355,300,224,139,,,,,,,,,,,,,,,,,,,,,,,,,,,,,,,,,,,,,,,,,,,,,,,,,,,,
Sweet Tooth,TV,3,06/04/2021,TRUE,,,,,,,,,,,,,,,,,,,,,,,,,,,,,,,,,,,,,,,,,,,,,,,,,,,,,,,,,,,,,,,,,,,,,,,,,,,,,,,,,,,,,,,,,,,,,,,,,,,,,,,,,,,
Captain Underpants: The First Epic Movie,Movie,,06/02/2017,TRUE,,,,,,,,,,,,,,,,,,,,,,,,,,,,,,,,,,,,,,,,,,,,,,,130,134,,,,,,,,,,,,,,,,,,,,,,,,,,,,,,,,,,,,,,,,,,,,,,,,,,,,,,,,,,,
Yeh Jawaani Hai Deewani,Movie,,05/31/2013,TRUE,,,,,,,,,,,,,,,,,,,,,,,,,,,,,,,,,,,,,,,,,,,,,,,,,,,,,,,,,,,,,,,,,,,,,,,,,,,,90,,,,,,,,,,,,,,,,,,,,,,,,,,,,,,,
F9,Movie,,05/28/2021,TRUE,,,,,,,,,,,,,,,,,,,,,,,,,,,,,,,,,,,,,,,,,,,,,,,,,,,,,,,,125,126,123,123,116,107,,,106,,103,,,,80,81,76,,,,,,,,,,,,,,,,,,,,,,,,,,,,,,,,,116,119,129
"Pablo Escobar, The Drug Lord",TV,9,05/28/2012,TRUE,,,,,,,,,,,,,,,,,,,,,,,,,,,,,,,,,,,,,,,,,,,,,,,,,,,,,,,,,,,,,,,,,,,,,,,,,,,,,,,,,,,,,,84,91,100,,,,,115,,,,114,114,114,123,126,,110,113,110,111,122
Rabo de Peixe,TV,9,05/26/2023,TRUE,,,,,,,,,,,,,,,,,,,,,,,,,,,,,,,,,,,,,,,,,,,,,,,,,,,,,,,,,,,,,,,,,,,,,,,,,,,,,,,,,,,,,,,,,,,,,,,,,,,,,,,,,,,
Where the Tracks End,Movie,,05/26/2023,TRUE,,,,,,,,,,,,,,,,,,,,,,,,,,,,,,,,,,,,,,,,,,,,,,,,,,,,,,,,,,,,,,,,,,,,,,,,,,,,,,,,,,,,,,,,,,,,,,,,,,,,,,,,,,,
FUBAR,TV,3,05/25/2023,TRUE,,,,,,,,,,,,,,,,,,,,,,,,,,,,,,,,,,,,,,,,,,,,,,,,,,,,,,,,,,,,,,,,,,,,,,,,,,,,,,,,,,,,,,,,,,,,,,,,,,,,,,,,,,,
Murder Mystery,Movie,,05/25/2019,TRUE,,,,,,,,,,,,,,,,,,,,,,,,,,,,,,,,,,,,,,,,,,,,,,,,,,,,,,,,,,,,,,,,,,,,,,,,,,,,,,,,,,,,,114,209,351,398,495,599,646,672,670,646,648,593,517,413,319,190,111,,,,,,
Hard Feelings,Movie,,05/24/2023,TRUE,,,,,,,,,,,,,,,,,,,,,,,,,,,,,,,,,,,,,,,,,,,,,,,,,,,,,,,,,,,,,,,,,,,,,,,,,,,,,,,,,,,,,,,,,,,,,,,,,,,,,,,,,,,
Mother's Day,Movie,,05/24/2023,TRUE,,,,,,,,,,,,,,,,,,,,,,,,,,,,,,,,,,,,,,,,,,,,,,,,,,,,,,,,,,,,,,,,,,,,,,,,,,,,,,,,,,,,,,,,,,,,,,,,,,,,,,,,,,,
Inheritance,Movie,,05/22/2020,TRUE,,,,,,,,,,,,,,,,,,,,,,,,,185,195,206,191,189,183,169,150,120,106,,,,,,,,,,,,,,,,,,,,,,,,,,,,,,,,,,,,,,,,,,,,,,,,,,,,,,,,,,,,,,,,,,,,,,,,,
El silencio,TV,6,05/19/2023,TRUE,,,,,,,,,,,,,,,,,,,,,,,,,,,,,,,,,,,,,,,,,,,,,,,,,,,,,,,,,,,,,,,,,,,,,,,,,,,,,,,,,,,,,,,,,,,,,,,,,,,,,,,,,,,
Time Trap,Movie,,05/19/2017,TRUE,,,,,,,,,,,,,,,,,,,,,,,,,,,,,,,,,,,,,,,,,,,,,,,,,,,,,,,,,,,,,,,,,,,,,,,,,,,,,,,,,,,,,,,,,,,,,,,,,,,,,,,,,,,
"XO, Kitty",TV,5,05/18/2023,TRUE,,,,,,,,,,,,,,,,,,,,,,,,,,,,,,,,,,,,,,,,,,,,,,,,,,,,,,,,,,,,,,,,,,,,,,,,,,,,,,,,,,,,,,,,,,,,,,,,,,,,,,,,,,,
McGregor Forever,TV,10,05/17/2023,TRUE,,,,,,,,,,,,,,,,,,,,,,,,,,,,,,,,,,,,,,,,,,,,,,,,,,,,,,,,,,,,,,,,,,,,,,,,,,,,,,,,,,,,,,,,,,,,,,,,,,,,,,,,,,,
Anna Nicole Smith: You Don't Know Me,Movie,,05/16/2023,TRUE,,,,,,,,,,,,,,,,,,,,,,,,,,,,,,,,,,,,,,,,,,,,,,,,,,,,,,,,,,,,,,,,,,,,,,,,,,,,,,,,,,,,,,,,,,,,,,,,,,,,,,,,,,,
Black Knight,TV,4,05/12/2023,TRUE,,,,,,,,,,,,,,,,,,,,,,,,,,,,,,,,,,,,,,,,,,,,,,,,,,,,,,,,,,,,,,,,,,,,,,,,,,,,,,,,,,,,,,,,,,,,,,,,,,,,,,,,,,,
The Mother,Movie,,05/12/2023,TRUE,,,,,,,,,,,,,,,,,,,,,,,,,,,,,,,,,,,,,,,,,,,,,,,,,,,,,,,,,,,,,,,,,,,,,,,,,,,,,,,,,,,,,,,,,,,,,,,,,,,,,,,,,,,
Royalteen: Princess Margrethe,Movie,,05/11/2023,TRUE,,,,,,,,,,,,,,,,,,,,,,,,,,,,,,,,,,,,,,,,,,,,,,,,,,,,,,,,,,,,,,,,,,,,,,,,,,,,,,,,,,,,,,,,,,,,,,,,,,,,,,,,,,,
Missing: Dead or Alive?,TV,5,05/10/2023,TRUE,,,,,,,,,,,,,,,,,,,,,,,,,,,,,,,,,,,,,,,,,,,,,,,,,,,,,,,,,,,,,,,,,,,,,,,,,,,,,,,,,,,,,,,,,,,,,,,,,,,,,,,,,,,
Queen Cleopatra,TV,4,05/10/2023,TRUE,,,,,,,,,,,,,,,,,,,,,,,,,,,,,,,,,,,,,,,,,,,,,,,,,,,,,,,,,,,,,,,,,,,,,,,,,,,,,,,,,,,,,,,,,,,,,,,,,,,,,,,,,,,
Til Money Do Us Part,TV,3,05/10/2022,TRUE,145,,,,137,,,,,,,135,135,135,133,134,139,141,143,142,139,,139,145,146,147,,,,,144,147,150,151,152,146,151,155,155,157,140,140,,150,148,145,143,,,,,,,,,,,,,,131,127,,,,,,,100,93,,110,118,118,119,114,98,87,106,112,117,108,,,,,91,,,,,,,,,,,,,108,,,,88,,,93
Next Day Air,Movie,,05/07/2009,TRUE,,,,,,,,,,,98,92,126,107,90,115,110,,,,,,,,,,,,,,,,,,,,,,,,,,,,,,,,,,,,,,,,,,,,,,,,,,,,,,,,,,,,,,,,,,,,,,,,,,,,,,,,,,,,,,,,,,
Welcome to Eden,TV,3,05/06/2022,TRUE,,,,,,,,,,,,,,,,,,,,,,,,,,,,,,,,,,,,,,,,,,,,,,,,,,,,,,,,,,,,,,,,,,,,,,,,,,,,,,,,,,,,,,,,,,,,,,,,,,,,,,,,,,,
Queen Charlotte: A Bridgerton Story,TV,5,05/04/2023,TRUE,,,,,,,,,,,,,,,,,,,,,,,,,,,,,,,,,,,,,,,,,,,,,,,,,,,,,,,,,,,,,,,,,,,,,,,,,,,,,,,,,,,,,,,,,,,,,,,,,,,,,,,,,,,
Sanctuary,TV,3,05/04/2023,TRUE,,,,,,,,,,,,,,,,,,,,,,,,,,,,,,,,,,,,,,,,,,,,,,,,,,,,,,,,,,,,,,,,,,,,,,,,,,,,,,,,,,,,,,,,,,,,,,,,,,,,,,,,,,,
Terzi,TV,11,05/02/2023,TRUE,,,,,,,,,,,,,,,,,,,,,,,,,,,,,,,,,,,,,,,,,,,,,,,,,,,,,,,,,,,,,,,,,,,,,,,,,,,,,,,,,,,,,,,,,,,,,,,,,,,,,,,,,,,
The Tournament,Movie,,05/01/2009,TRUE,,,,,,,,,,,,,,,,,,,,,,,,,,,,,,,,,,,,,,,,,,,,,,,,,,,,,,,,,,,,,,,,,,,,,,,,,,,,,,,,,,,,,,,,,,,,,,,,,,,,,,,,,,,
Entrapment,Movie,,04/29/1999,TRUE,,,,,,,,,,,,,,,,,,,,,,,,,,,,,,,,,,,,,,,,,,,,,,,,,,,,,,,,,,,,,,,,,,,,,,,,,,,108,,,,,,,,,,,,,,,,,,,,,,,,,,,,,,,,
AKA,Movie,,04/28/2023,TRUE,,,,,,,,,,,,,,,,,,,,,,,,,,,,,,,,,,,,,,,,,,,,,,,,,,,,,,,,,,,,,,,,,,,,,,,,,,,,,,,,,,,,,,,,,,,,,,,,,,,,,,,,,,,
The Nurse,TV,6,04/27/2023,TRUE,,,,,,,,,,,,,,,,,,,,,,,,,,,,,,,,,,,,,,,,,,,,,,,,,,,,,,,,,,,,,,,,,,,,,,,,,,,,,,,,,,,,,,,,,,,,,,,,,,,,,,,,,,,
The Condemned,Movie,,04/27/2007,TRUE,,,,,,,,,,,,,,,,,,,,,,,,,,,,,,,,,,,,,,,,,,,,,,,,,,,,,,,,,,,,287,288,280,261,253,221,186,184,123,,,,,,,,,,,,,,,,,,,,,,,,,,,,,,,,,,,,,,,
"Kiss, Kiss!",Movie,,04/26/2023,TRUE,,,,,,,,,,,,,,,,,,,,,,,,,,,,,,,,,,,,,,,,,,,,,,,,,,,,,,,,,,,,,,,,,,,,,,,,,,,,,,,,,,,,,,,,,,,,,,,,,,,,,,,,,,,
The Good Bad Mother,TV,12,04/26/2023,TRUE,,,,,,,,,,,,,,,,,,,,,,,,,,,,,,,,,,,,,,,,,,,,,,,,,,,,,,,,,,,,,,,,,,,,,,,,,,,,,,,,,,,,,,,,,,,,,,,,,,,,,,,,,,,
Shadow and Bone,TV,7,04/23/2021,TRUE,,,,,,,,,,,,,,,,,,,,,,,,,,,,,,,,,,,,,,,,,,,,,,,,,,,,,,,,,,,,,,,,,,,,,,,,,,,646,769,779,769,750,738,730,633,569,539,506,477,469,457,411,344,333,336,323,,331,321,235,220,227,225,208,171,,,,,
A Quiet Place Part II,Movie,,04/22/2021,TRUE,,,,,,,,,,,,,,,,,,,,,,,,,,,,,,,,,,,,,,,,,,,,,,,,,,,,,,,,,,,,,,,,,,,,,,,,,,,,,,,,,,,,,,,,,,,,,,,,,,,,,,,,,,,
A Tourist’s Guide to Love,Movie,,04/21/2023,TRUE,,,,,,,,,,,,,,,,,,,,,,,,,,,,,,,,,,,,,,,,,,,,,,,,,,,,,,,,,,,,,,,,,,,,,,,,,,,,,,,,,,,,,,,,,,,,,,,,,,,,,,,,,,,
Blood & Gold,Movie,,04/21/2023,TRUE,,,,,,,,,,,,,,,,,,,,,,,,,,,,,,,,,,,,,,,,,,,,,,,,,,,,,,,,,,,,,,,,,,,,,,,,,,,,,,,,,,,,,,,,,,,,,,,,,,,,,,,,,,,
Chokehold,Movie,,04/21/2023,TRUE,,,,,,,,,,,,,,,,,,,,,,,,,,,,,,,,,,,,,,,,,,,,,,,,,,,,,,,,,,,,,,,,,,,,,,,,,,,,,,,,,,,,,,,,,,,,,,,,,,,,,,,,,,,
One More Time,Movie,,04/21/2023,TRUE,,,,,,,,,,,,,,,,,,,,,,,,,,,,,,,,,,,,,,,,,,,,,,,,,,,,,,,,,,,,,,,,,,,,,,,,,,,,,,,,,,,,,,,,,,,,,,,,,,,,,,,,,,,
Rough Diamonds,TV,8,04/21/2023,TRUE,,,,,,,,,,,,,,,,,,,,,,,,,,,,,,,,,,,,,,,,,,,,,,,,,,,,,,,,,,,,,,,,,,,,,,,,,,,,,,,,,,,,,,,,,,,,,,,,,,,,,,,,,,,
The Sentinel,Movie,,04/21/2006,TRUE,,,,,,,,,,,,,,,,,,,,,,,,,,,,,,,,,,,,,,,,,,,,,,,,,,,,,,,,,,,,,,,,,,,,,,,,,,,,,,,,,,,,,,,,,,,,,,,,,,,,,,,,,,,
The Diplomat,TV,6,04/20/2023,TRUE,,,,,,,,,,,,,,,,,,,,,,,,,,,,,,,,,,,,,,,,,,,,,,,,,,,,,,,,,,,,,,,,,,,,,,,,,,,,,,,,,,,,,,,,,,,,,,,,,,,,,,,,,,,
The Marked Heart,TV,12,04/20/2022,TRUE,,,,,,,,,,,,,,,,,,,,,,,,,,,,,,,,,,,,,,,,,,,,,,,,,,,,,,,,,,,,,,,,,,,,,,,,,,,,,,,,,,,,,,,,,,,,,,,,,,,,,,,,,,,
Mighty Morphin Power Rangers: Once & Always,Movie,,04/19/2023,TRUE,,,,,,,,,,,,,,,,,,,,,,,,,,,,,,,,,,,,,,,,,,,,,,,,,,,,,,,,,,,,,,,,,,,,,,,,,,,,,,,,,,,,,,,,,,,,,,,,,,,,,,,,,,,
How to Get Rich,TV,3,04/18/2023,TRUE,,,,,,,,,,,,,,,,,,,,,,,,,,,,,,,,,,,,,,,,,,,,,,,,,,,,,,,,,,,,,,,,,,,,,,,,,,,,,,,,,,,,,,,,,,,,,,,,,,,,,,,,,,,
Doctor Cha,TV,6,04/15/2023,TRUE,,,,,,,,,,,,,,,,,,,,,,,,,,,,,,,,,,,,,,,,,,,,,,,,,,,,,,,,,,,,,,,,,,,,,,,,,,,,,,,,,,,,,,,,,,,,,,,,,,,,,,,,,,,
Outer Banks,TV,12,04/15/2020,TRUE,,,,,,,,,,,,,,,,,,,,,,,,,,,,,,,,,,,,,,,,,,,,,,,,,,,,,,687,728,703,694,691,659,641,603,558,536,509,499,496,441,361,313,289,277,279,285,294,253,245,225,211,231,235,218,150,,,,,,,,,,,,,,,,,,,,,,,,,
Phenomena,Movie,,04/14/2023,TRUE,,,,,,,,,,,,,,,,,,,,,,,,,,,,,,,,,,,,,,,,,,,,,,,,,,,,,,,,,,,,,,,,,,,,,,,,,,,,,,,,,,,,,,,,,,,,,,,,,,,,,,,,,125,208,203
Queenmaker,TV,12,04/14/2023,TRUE,,,,,,,,,,,,,,,,,,,,,,,,,,,,,,,,,,,,,,,,,,,,,,,,,,,,,,,,,,,,,,,,,,,,,,,,,,,,,,,,,,,,,,,,,,,,,,,,,,,,,,,,,231,296,309
Queens on the Run,Movie,,04/14/2023,TRUE,,,,,,,,,,,,,,,,,,,,,,,,,,,,,,,,,,,,,,,,,,,,,,,,,,,,,,,,,,,,,,,,,,,,,,,,,,,,,,,,,,,,,,,,,,,,,,,,,,,,,,,,142,249,334,350
The Last Kingdom: Seven Kings Must Die,Movie,,04/14/2023,TRUE,,,,,,,,,,,,,,,,,,,,,,,,,,,,,,,,,,,,,,,,,,,,,,,,,,,,,,,,,,,,,,,,,,,,,,,,,,,,,,,,,,,,,,,,,,,,,,,,,,,,,,,,826,831,826,808
Florida Man,TV,9,04/13/2023,TRUE,,,,,,,,,,,,,,,,,,,,,,,,,,,,,,,,,,,,,,,,,,,,,,,,,,,,,,,,,,,,,,,,,,,,,,,,,,,,,,,,,,,,,,,,,,,,,,,,,,,,,,,121,366,466,534,483
Obsession,TV,6,04/13/2023,TRUE,,,,,,,,,,,,,,,,,,,,,,,,,,,,,,,,,,,,,,,,,,,,,,,,,,,,,,,,,,,,,,,,,,,,,,,,,,,,,,,,,,,,,,,,,,,,,,,,,,,,,,,701,778,749,717,645
American Manhunt: The Boston Marathon Bombing,TV,8,04/12/2023,TRUE,,,,,,,,,,,,,,,,,,,,,,,,,,,,,,,,,,,,,,,,,,,,,,,,,,,,,,,,,,,,,,,,,,,,,,,,,,,,,,,,,,,,,,,,,,,,,,,,,,,,,,246,299,232,207,211,181
Hunger,Movie,,04/08/2023,TRUE,,,,,,,,,,,,,,,,,,,,,,,,,,,,,,,,,,,,,,,,,,,,,,,,,,,,,,,,,,,,,,,,,,,,,,,,,,,,,,,,,,,,,,,,,,,,,,,,,,418,648,772,803,812,811,716,644,611,600
Chupa,Movie,,04/07/2023,TRUE,,,,,,,,,,,,,,,,,,,,,,,,,,,,,,,,,,,,,,,,,,,,,,,,,,,,,,,,,,,,,,,,,,,,,,,,,,,,,,,,,,,,,,,,,,,,,,,,,658,783,776,765,744,708,659,541,434,318,218
Oh Belinda,Movie,,04/07/2023,TRUE,,,,,,,,,,,,,,,,,,,,,,,,,,,,,,,,,,,,,,,,,,,,,,,,,,,,,,,,,,,,,,,,,,,,,,,,,,,,,,,,,,,,,,,,,,,,,,,,,,89,,102,122,99,95,,,,
Thicker Than Water,TV,5,04/07/2023,TRUE,,,,,,,,,,,,,,,,,,,,,,,,,,,,,,,,,,,,,,,,,,,,,,,,,,,,,,,,,,,,,,,,,,,,,,,,,,,,,,,,,,,,,,,,,,,,,,,,,,137,162,182,181,138,,,,,
Transatlantic,TV,8,04/07/2023,TRUE,,,,,,,,,,,,,,,,,,,,,,,,,,,,,,,,,,,,,,,,,,,,,,,,,,,,,,,,,,,,,,,,,,,,,,,,,,,,,,,,,,,,,,,,,,,,,,,,,278,404,400,378,349,291,187,116,100,85,
Beef,TV,8,04/06/2023,TRUE,,,,,,,,,,,,,,,,,,,,,,,,,,,,,,,,,,,,,,,,,,,,,,,,,,,,,,,,,,,,,,,,,,,,,,,,,,,,,,,,,,,,,,,,,,,,,,,,312,505,553,615,649,667,679,643,576,605,606,572
Demon Slayer: Kimetsu no Yaiba,TV,6,04/06/2019,TRUE,,,,,,,,,,,,,,,,,,,,,,,,,,,,,,,,,,,,,,,,,,,,,,,,,,,,,,,,,,,,,,,,,,,,,,,,,,,,,,,,,,,,,,,,,,,,,,,,,,,,,,,,,,,91
Lewis Capaldi: How I'm Feeling Now,Movie,,04/05/2023,TRUE,,,,,,,,,,,,,,,,,,,,,,,,,,,,,,,,,,,,,,,,,,,,,,,,,,,,,,,,,,,,,,,,,,,,,,,,,,,,,,,,,,,,,,,,,,,,,,,,139,,,,,,,,,,,
Cunk on Earth,TV,10,04/03/2018,TRUE,,,,,,,,,,,,,,,,,,,,,,,,,,,,,,,,,,135,105,,,,,,,,,,,,,,,,,,,,,,,,,,,,,,,,,,,,,,,,,,,,,,,,,,,,,,,,,,,,,,,,,,,,,,,,
High Crimes,Movie,,04/03/2002,TRUE,,,,,,,,,,,,,,,,,,,,,,,,,,,,,,,,,,,,,,,,,,,,,,,,,,,,,,,,,,,,,,,,,,,,,,,,,,,,,,,,,,,,,,,,,,,,,,,,,,,,,,,,,,,
Krigsseileren,TV,10,04/02/2023,TRUE,,,,,,,,,,,,,,,,,,,,,,,,,,,,,,,,,,,,,,,,,,,,,,,,,,,,,,,,,,,,,,,,,,,,,,,,,,,,,,,,,,,,,,,,,,,,226,384,,396,,,,,,,,,,,,
Copycat Killer,TV,10,03/31/2023,TRUE,,,,,,,,,,,,,,,,,,,,,,,,,,,,,,,,,,,,,,,,,,,,,,,,,,,,,,,,,,,,,,,,,,,,,,,,,,,,,,,,,,,,,,,,,,,,,,,125,130,,,,,,,,,,,
Murder Mystery 2,Movie,,03/31/2023,TRUE,,,,,,,,,,,,,,,,,,,,,,,,,,,,,,,,,,,,,,,,,,,,,,,,,,,,,,,,,,,,,,,,,,,,,,,,,,,,,,,,,,,,,,,,,,850,873,873,876,876,876,856,831,767,703,642,541,527,528,442,443,434,348
Tin & Tina,Movie,,03/31/2023,TRUE,,,,,,,,,,,,,,,,,,,,,,,,,,,,,,,,,,,,,,,,,,,,,,,,,,,,,,,,,,,,,,,,,,,,,,,,,,,,,,,,,,,,,,,,,,,,,,,,,,,,,,,,,,,
The Unholy,Movie,,03/31/2021,TRUE,,,,,,,,,,,,,,,,,,,,,,,,,,,,,,,,,,,,,,,,,,,,,,,,,,,,,,,,,,,,,,,,,,,,,,,,,,,,,,,,,,,,,,98,103,94,90,,,,,,,,,,,,,,,,,,
Dasara,Movie,,03/30/2023,TRUE,,,,,,,,,,,,,,,,,,,,,,,,,,,,,,,,,,,,,,,,,,,,,,,,,,,,,,,,,,,,,,,,,,,,,,,,,,,,,,,,,,,,,,,,,,,,,,,,,,,,,,,,,,,
Unstable,TV,12,03/30/2023,TRUE,,,,,,,,,,,,,,,,,,,,,,,,,,,,,,,,,,,,,,,,,,,,,,,,,,,,,,,,,,,,,,,,,,,,,,,,,,,,,,,,,,,,,,,,,,,134,133,,,,,,,,,,,,,,,
Emergency: NYC,TV,11,03/29/2023,TRUE,,,,,,,,,,,,,,,,,,,,,,,,,,,,,,,,,,,,,,,,,,,,,,,,,,,,,,,,,,,,,,,,,,,,,,,,,,,,,,,,,,,,,,,,,176,149,,,,,,,,,,,,,,,,,
Unseen,TV,5,03/29/2023,TRUE,,,,,,,,,,,,,,,,,,,,,,,,,,,,,,,,,,,,,,,,,,,,,,,,,,,,,,,,,,,,,,,,,,,,,,,,,,,,,,,,,,,,,,,,186,368,383,368,335,253,,231,210,146,,109,,,,,,,,
Wellmania,TV,6,03/29/2023,TRUE,,,,,,,,,,,,,,,,,,,,,,,,,,,,,,,,,,,,,,,,,,,,,,,,,,,,,,,,,,,,,,,,,,,,,,,,,,,,,,,,,,,,,,,,154,286,252,272,264,253,,242,232,143,115,,,,,,,,,
Home,Movie,,03/27/2015,TRUE,,,,,,,,,,,,,,,,,,,,,,,,,,,,,,,,,,,,,,,,,,,,,,,,,,,,,,,,,,,,,,,,,,,,,,,,,,,,,,,,,,,,,,,,,,,,,120,139,143,174,112,122,115,160,183,213,219,149,,,
Noah,Movie,,03/26/2014,TRUE,,,,,,,,,,,,,,,,,,,,,,,,,,,,,,,,,,,,,,,,,,,,,,,,,,,,,,,,,,,,,,,,,,,,,,,,,,,,,,,,,,,,,,,,,,,,,129,229,230,305,283,243,303,313,338,362,336,221,152,110,
Biz Kimden Kaçıyorduk Anne?,TV,8,03/24/2023,TRUE,,,,,,,,,,,,,,,,,,,,,,,,,,,,,,,,,,,,,,,,,,,,,,,,,,,,,,,,,,,,,,,,,,,,,,,,,,,,,,,,,,,160,444,571,623,633,566,461,369,336,304,244,,221,181,,,,,,,,,,,
Chor Nikal Ke Bhaga,Movie,,03/24/2023,TRUE,,,,,,,,,,,,,,,,,,,,,,,,,,,,,,,,,,,,,,,,,,,,,,,,,,,,,,,,,,,,,,,,,,,,,,,,,,,,,,,,,,,363,482,534,609,603,564,509,352,238,184,90,,,,,,,,,,,,,,
The Night Agent,TV,6,03/23/2023,TRUE,,,,,,,,,,,,,,,,,,,,,,,,,,,,,,,,,,,,,,,,,,,,,,,,,,,,,,,,,,,,,,,,,,,,,,,,,,,,,,,,,,845,878,880,881,880,878,880,879,872,873,870,862,,859,857,847,847,841,825,823,819,789,742,743,758,722
Power Rangers,Movie,,03/23/2017,TRUE,,,,,,,,,,,,,,,,,,,,,,,,,,,,,,,,,,,,,,,,,,,,,,,,,,,,,,,,,,,,,,,,,,,,,,,,,,,,,,,,,,,,,,,,,,,,62,,,,,,,,,,,,,,,
Waco: American Apocalypse,TV,11,03/22/2023,TRUE,,,,,,,,,,,,,,,,,,,,,,,,,,,,,,,,,,,,,,,,,,,,,,,,,,,,,,,,,,,,,,,,,,,,,,,,,,,,,,,,,203,223,161,134,110,,,,,,,,,,,,,,,,,,,,,,
Selling Sunset,TV,5,03/22/2019,TRUE,,,,,,,,,,,,,,,,,,,,,,,,,,,,,,,,,,,,,,,,,,,,,,,,,,,,,,,,,,,,,,,,,,,,,,,,,,,,,,,,,,,,,,,,,,,,,,,,,,,,,,,,,,,
Knowing,Movie,,03/20/2009,TRUE,,,,,,,,,,,,,,,,,,,,,,,,,,,,,,,,,,,,,,,,,,,,,,,,,,,,,,,,,,,,,,,,,,,,,,,,,,,,,,,,,,,,,,,,,,,,,,,,,,,,,,,,,,,
Sky Rojo,TV,10,03/19/2021,TRUE,,,,,,,,,,,,,,,204,209,211,192,171,,,,,,,,,,,,,,,,,,,,,,,,,,,,,,,,,,,,,,,,,,,,,,,,,,,,,,,,,,,,,,,,,,,,,,,,,,,,,,,,,,,,,,,,
Trolls World Tour,Movie,,03/19/2020,TRUE,,,,,,,,,,,,,,,,,,,,,,,,,,,,,,,,,,,,,,,,,,,,,,,,,,,,,,,,,,,,,,,,,,,,,,,,,,,,,,,,,,,,,,,,,,,,,,,,,,,,169,166,176,182,149,141,122,136
Nobody,Movie,,03/18/2021,TRUE,,,,,,,,,,,,,,,,,,,,,,,,,,,,,,,,,,,,96,98,99,,,,184,171,163,162,155,148,145,116,,,,,,,,,,,,,,,,,,,,,,,,,,,,,,,,,,,,,,,,,,,,,,,,,,,,,,,,,,
Hasta el cielo: La serie,TV,6,03/17/2023,TRUE,,,,,,,,,,,,,,,,,,,,,,,,,,,,,,,,,,,,,,,,,,,,,,,,,,,,,,,,,,,,,,,,,,,,,,,,,,,,215,491,585,592,588,501,300,155,88,,,,,,,,,,,,,,,,,,,,,,,
In His Shadow,Movie,,03/17/2023,TRUE,,,,,,,,,,,,,,,,,,,,,,,,,,,,,,,,,,,,,,,,,,,,,,,,,,,,,,,,,,,,,,,,,,,,,,,,,,,,153,255,339,479,471,439,357,240,121,,,,,,,,,,,,,,,,,,,,,,,
Noise,Movie,,03/17/2023,TRUE,,,,,,,,,,,,,,,,,,,,,,,,,,,,,,,,,,,,,,,,,,,,,,,,,,,,,,,,,,,,,,,,,,,,,,,,,,,,,268,462,551,531,459,306,147,,,,,,,,,,,,,,,,,,,,,,,,
She's the Man,Movie,,03/17/2006,TRUE,,,,,,,,,,,,,,,,,,,,,,,,,,,,,,,,,,,,,,,,,,,151,147,132,,,,,,,,,,,,,,,,,,,,,,,,,,,,,,,,,,,,,,,,,,,,,,,,,,,,,,,,,,,,,,
Mrs. Chatterjee Vs Norway,Movie,,03/16/2023,TRUE,,,,,,,,,,,,,,,,,,,,,,,,,,,,,,,,,,,,,,,,,,,,,,,,,,,,,,,,,,,,,,,,,,,,,,,,,,,,,,,,,,,,,,,,,,,,,,,,,,,,,,,,,,,
Vengeance: A Love Story,Movie,,03/16/2017,TRUE,115,,,,,,,,,,,,,,,,,,,,,,,,,,,,,,,,,,,,,,,,,,,,,,,,,,,,,,,,,,,,,,,,,,,,,,,,,,,,,,,,,,,,,,,,,,,,,,,,,,,,,,,,,,
Money Shot: The Pornhub Story,Movie,,03/15/2023,TRUE,,,,,,,,,,,,,,,,,,,,,,,,,,,,,,,,,,,,,,,,,,,,,,,,,,,,,,,,,,,,,,,,,,,,,,,,,,597,662,502,368,291,274,235,214,134,,,,,,,,,,,,,,,,,,,,,,,,,
I Still Believe,Movie,,03/12/2020,TRUE,,,,,,,,,,,,,,,,,,,,,,,,,,,,,,,,,,,,,,,,,,,,,,,,,,,,,,,,,,,,,,,,,,,,,,,,166,169,159,146,,,,,,,,,,,,,,,,,,,,,,,,,,,,,,,,
The Deep End of the Ocean,Movie,,03/12/1999,TRUE,,,,,,,,,,,,,,,,,,,,,,,,,,,,,,,,,,,,,,,,,,,,,,,,,,,,,,,,,,,,,,,,,,,,,,,,,,,,,,,,,,,,,,,,,,,,,,,,,,,,,,,,,,,
Outlast,TV,11,03/10/2023,TRUE,,,,,,,,,,,,,,,,,,,,,,,,,,,,,,,,,,,,,,,,,,,,,,,,,,,,,,,,,,,,,,,,,,,,,,,201,254,267,224,118,,,,,,,,,,,,,,,,,,,,,,,,,,,,,,,,
The Magician's Elephant,Movie,,03/10/2023,TRUE,,,,,,,,,,,,,,,,,,,,,,,,,,,,,,,,,,,,,,,,,,,,,,,,,,,,,,,,,,,,,,,,,,,,,,,,,,,,557,655,652,631,605,591,575,595,535,439,336,265,241,236,160,79,,,,,,,,,,,,,,,,
Faraway,Movie,,03/08/2023,TRUE,,,,,,,,,,,,,,,,,,,,,,,,,,,,,,,,,,,,,,,,,,,,,,,,,,,,,,,,,,,,,,,,,,,409,640,576,645,660,655,651,570,455,285,167,103,,,,,,,,,,,,,,,,,,,,,,,,,,,,,
MH370: The Plane That Disappeared,TV,12,03/08/2023,TRUE,,,,,,,,,,,,,,,,,,,,,,,,,,,,,,,,,,,,,,,,,,,,,,,,,,,,,,,,,,,,,,,,,,,717,753,695,681,612,508,460,441,326,273,266,201,139,107,,,,,,,,,,,,,,,,,,,,,,,,,,,
Tu Jhoothi Main Makkaar,Movie,,03/08/2023,TRUE,,,,,,,,,,,,,,,,,,,,,,,,,,,,,,,,,,,,,,,,,,,,,,,,,,,,,,,,,,,,,,,,,,,,,,,,,,,,,,,,,,,,,,,,,,,,,,,,,,,,,,,,,,,
Formula 1: Drive to Survive,TV,5,03/08/2019,TRUE,,,,,,,,,,,,,,,,,,,,,,,,,,,,,,,,,,,,,,,,,,,,,,,,,,,,,,,438,528,508,471,407,372,300,251,192,153,154,143,,,,,,,,,,,,,,,,,,,,,,,,,,,,,,,,,,,,,,,,,
Tears of the Sun,Movie,,03/07/2003,TRUE,,,,,,,,,,,,,,,,,,,,,,,,,,,,,,,,,,,,,,,,,,,,,,,,,,,,,,,,,,,,,,127,124,133,144,124,104,128,112,91,85,,,,,,,,,,,,,,,,,,,,,,,,,,,,,,,,,,,,
Chris Rock: Selective Outrage,Movie,,03/04/2023,TRUE,,,,,,,,,,,,,,,,,,,,,,,,,,,,,,,,,,,,,,,,,,,,,,,,,,,,,,,,,,,,,,,,,109,,,,,,,,,,,,,,,,,,,,,,,,,,,,,,,,,,,,,,,,,,
Love at First Kiss,Movie,,03/03/2023,TRUE,,,,,,,,,,,,,,,,,,,,,,,,,,,,,,,,,,,,,,,,,,,,,,,,,,,,,,,,,,,,,,319,441,500,463,429,337,275,216,163,130,78,,,,,,,,,,,,,,,,,,,,,,,,,,,,,,,,,,,
Tonight You're Sleeping with Me,Movie,,03/01/2023,TRUE,,,,,,,,,,,,,,,,,,,,,,,,,,,,,,,,,,,,,,,,,,,,,,,,,,,,,,,,,,,,377,509,434,405,346,334,285,301,177,,,,,,,,,,,,,,,,,,,,,,,,,,,,,,,,,,,,,,,
Too Hot to Handle: Germany,TV,5,02/28/2023,TRUE,,,,,,,,,,,,,,,,,,,,,,,,,,,,,,,,,,,,,,,,,,,,,,,,,,,,,,,,,,,,159,127,,,,,,,,,,,,,,,,,,,,,,,,,,,,,,,,,,,,,,,,,,,,,,
La Reina del Sur,TV,12,02/28/2011,TRUE,252,238,253,265,271,264,261,258,249,261,261,264,246,240,226,229,238,271,288,280,259,234,224,230,232,238,233,213,207,217,219,213,224,217,213,208,215,221,216,215,196,180,177,191,176,165,162,157,138,150,150,,133,,,,,,,,,,,,,,,,,,,,,,,,,,,,,,,,,,,,,,,,,,,,,,,,,,,,,,
Vikings: Valhalla,TV,10,02/25/2022,TRUE,,,,,,,,,,,,,577,672,703,708,678,668,653,604,551,459,436,379,355,340,293,208,187,219,228,184,161,158,152,125,160,149,148,140,,,,,,,,,,,,,,,,,,,,,,,,,,,,,,,,,,,,,,,,,,,,,,,,,,,,,,,,,,,,,,,,,,,
Luther: The Fallen Sun,Movie,,02/24/2023,TRUE,,,,,,,,,,,,,,,,,,,,,,,,,,,,,,,,,,,,,,,,,,,,,,,,,,,,,,,,,,,,,,,,,,,,,857,887,887,887,887,885,869,861,849,825,762,737,740,739,709,711,724,630,612,607,590,422,330,294,155,117,120,119,120,121,121,,,,,,,,
We Have a Ghost,Movie,,02/24/2023,TRUE,,,,,,,,,,,,,,,,,,,,,,,,,,,,,,,,,,,,,,,,,,,,,,,,,,,,,,,807,850,861,860,863,818,760,727,712,680,543,495,442,430,382,409,401,273,252,170,113,,,,,,,,,,,,,,,,,,,,,,,,,,,,,,,,
Ginny & Georgia,TV,3,02/24/2021,TRUE,,,,,,734,800,795,789,799,791,788,772,754,726,720,726,722,718,714,689,650,627,640,633,634,607,562,512,502,521,512,521,532,528,512,520,534,486,482,430,406,347,361,301,244,169,145,,,,,,,,,,,,,,,,,,,,,,,,,,,,,,,,,,,,,,,,,,,,,,,,,,,,,,,,,,,
Call Me Chihiro,Movie,,02/23/2023,TRUE,,,,,,,,,,,,,,,,,,,,,,,,,,,,,,,,,,,,,,,,,,,,,,,,,,,,,,,,100,150,177,207,116,,,,,,,,,,,,,,,,,,,,,,,,,,,,,,,,,,,,,,,,,,,,,,,
Murdaugh Murders: A Southern Scandal,TV,6,02/22/2023,TRUE,,,,,,,,,,,,,,,,,,,,,,,,,,,,,,,,,,,,,,,,,,,,,,,,,,,,,133,234,215,251,264,244,179,130,,,,,,,,,,,,,,,,,,,,,,,,,,,,,,,,,,,,,,,,,,,,,,,
Triada,TV,4,02/22/2023,TRUE,,,,,,,,,,,,,,,,,,,,,,,,,,,,,,,,,,,,,,,,,,,,,,,,,,,,,,567,590,598,601,624,583,560,425,335,288,269,223,201,146,,,,,,,,,,,,,,,,,,,,,,,,,,,,,,,,,,,,,,,,
Bloodshot,Movie,,02/20/2020,TRUE,,,,,,,,,,,,,,,,,,,,,,,,,,,,,,,,,,,,188,202,210,210,209,209,184,190,170,152,137,,,,,,,,,,,,,,,,,,,,,,,,,,,,,,,,,,,,,,,,,,,,,,,,,,,,,,,,,,,,,
A Girl and an Astronaut,TV,3,02/17/2023,TRUE,,,,,,,,,,,,,,,,,,,,,,,,,,,,,,,,,,,,,,,,,,,,,,,,,,211,222,,,,,,,,,,,,,,,,,,,,,,,,,,,,,,,,,,,,,,,,,,,,,,,,,,,,,,,,
Kill Boksoon,Movie,,02/17/2023,TRUE,,,,,,,,,,,,,,,,,,,,,,,,,,,,,,,,,,,,,,,,,,,,,,,,,,,,,,,,,,,,,,,,,,,,,,,,,,,,,,,,,,,,,,,,,,498,618,645,611,571,570,491,389,296,258,210,177,163,164,113,,,
Shehzada,Movie,,02/17/2023,TRUE,,,,,,,,,,,,,,,,,,,,,,,,,,,,,,,,,,,,,,,,,,,,,,,,,,,,,,,,,,,,,,,,,,,,,,,,,,,,,,,,,,,,,,,,,,,,,,,,,,,,,,,,,187,254,323
The Strays,Movie,,02/17/2023,TRUE,,,,,,,,,,,,,,,,,,,,,,,,,,,,,,,,,,,,,,,,,,,,,,,,,,,,,517,753,697,665,680,678,638,500,321,115,,,,,,,,,,,,,,,,,,,,,,,,,,,,,,,,,,,,,,,,,,,,,
Unlocked,Movie,,02/17/2023,TRUE,,,,,,,,,,,,,,,,,,,,,,,,,,,,,,,,,,,,,,,,,,,,,,,,,311,421,444,428,396,354,295,228,214,188,156,133,121,107,114,,,,,,,,,,,,,,,,,,,,,,,,,,,,,,,,,,,,,,,,,,,,
The Healer,Movie,,02/17/2017,TRUE,,,,,,,,,,,,,,,,,,,,,,,,,,,,,,,,,,,,,,,,,,,,,,,,,,,,,,,,,,,,,,,,,,,,,,,,,,,,,,,,,,,,,,,,,,,,,,,,,,,,,,,,,,,
Vaathi,Movie,,02/16/2023,TRUE,,,,,,,,,,,,,,,,,,,,,,,,,,,,,,,,,,,,,,,,,,,,,,,,,,,,,,,,,,,,,,,,,,,,,,,,,,,,112,129,135,136,145,126,132,,,,,,,,,,,,,,,,,,,,,,,,,
Ghost Rider,Movie,,02/16/2007,TRUE,,,,,,,,,,,,,,,,,,,,,,,,,,,,,,,,,,,,,,,,,,,,,,,,,,,,,,,,,,,,,,,,,,,,,,,,,,,,,,,,,,,,,,,,,,,,,,90,90,,,,,,,,,,,,
The Law According to Lidia Poët,TV,11,02/15/2023,TRUE,,,,,,,,,,,,,,,,,,,,,,,,,,,,,,,,,,,,,,,,,,,,,,261,405,466,453,408,376,,278,199,,,,,,,,,,,,,,,,,,,,,,,,,,,,,,,,,,,,,,,,,,,,,,,,,,,,,
Fauda,TV,7,02/15/2015,TRUE,,,,,,,,,,,,,,,,,,,,,186,339,355,333,316,278,231,,,143,150,,,,,,,,,,,,,,,,,,,,,,,,,,,,,,,,,,,,,,,,,,,,,,,,,,,,,,,,,,,,,,,,,,,,,,,,,,,,
All the Places,Movie,,02/14/2023,TRUE,,,,,,,,,,,,,,,,,,,,,,,,,,,,,,,,,,,,,,,,,,,,,,166,160,150,149,134,97,92,,,,,,,,,,,,,,,,,,,,,,,,,,,,,,,,,,,,,,,,,,,,,,,,,,,,,,,
In Love All Over Again,TV,9,02/14/2023,TRUE,,,,,,,,,,,,,,,,,,,,,,,,,,,,,,,,,,,,,,,,,,,,,,217,,146,,,,,,,,,,,,,,,,,,,,,,,,,,,,,,,,,,,,,,,,,,,,,,,,,,,,,,,,,,,
Perfect Match,TV,6,02/14/2023,TRUE,,,,,,,,,,,,,,,,,,,,,,,,,,,,,,,,,,,,,,,,,,,,,243,386,355,320,279,253,218,,527,421,361,323,300,309,529,526,425,368,306,270,264,260,214,174,124,106,,,,,,,,,,,,,,,,,,,,,,,,,,,,,,,,,,,,,
Squared Love All Over Again,Movie,,02/13/2023,TRUE,,,,,,,,,,,,,,,,,,,,,,,,,,,,,,,,,,,,,,,,,,,,398,487,420,514,215,178,201,145,,,,,,,,,,,,,,,,,,,,,,,,,,,,,,,,,,,,,,,,,,,,,,,,,,,,,,,,
Love Is Blind,TV,12,02/13/2020,TRUE,,,,,,,,,,,,,,,,,,,,,,,,,,,,,,,,,,,,,,,,,,266,259,291,219,,,,,,,,,,,,,,,,,,,,,,,,,,,,,,,,,,,,,,322,385,367,361,337,306,225,471,450,376,346,,301,244,491,432,362,336,301,270,198,418,296,238,364
10 Days of a Good Man,Movie,,02/10/2023,TRUE,,,,,,,,,,,,,,,,,,,,,,,,,,,,,,,,,,,,,,,,,,,,,,,,,,,,,,,,,,,,,,,,287,422,483,335,240,108,,,,,,,,,,,,,,,,,,,,,,,,,,,,,,,,,,,,,,
Love to Hate You,TV,6,02/10/2023,TRUE,,,,,,,,,,,,,,,,,,,,,,,,,,,,,,,,,,,,,,,,,,,331,454,426,326,233,194,146,,,,,,,,,,,,,,,,,,,,,,,,,,,,,,,,,,,,,,,,,,,,,,,,,,,,,,,,,,
Your Place or Mine,Movie,,02/10/2023,TRUE,,,,,,,,,,,,,,,,,,,,,,,,,,,,,,,,,,,,,,,,,,789,840,854,845,828,810,798,768,763,738,690,636,554,468,419,407,365,308,173,134,131,117,,,,,,,,,,,,,,,,,,,,,,,,,,,,,,,,,,,,,,,,,,,,
My Dad the Bounty Hunter,TV,6,02/09/2023,TRUE,,,,,,,,,,,,,,,,,,,,,,,,,,,,,,,,,,,,,,,,,,171,,,,,,,,,,,,,,,,,,,,,,,,,,,,,,,,,,,,,,,,,,,,,,,,,,,,,,,,,,,,,,,,,
The Exchange,Movie,,02/08/2023,TRUE,,,,,,,,,,,,,,,,,,,,,,,,,,,,,,,,,,,,,,,,,102,,141,,,,,,,,,,,,,,,,,,,,,,,,,,,,,,,,,,,,,,,,,,,,,,,,,,,,,,,,,,,,,,,,
Fifty Shades Darker,Movie,,02/08/2017,TRUE,,,,,,,,,,,,,,,,,,,,,,,,,,,,,,,,,,,,,,,,,,,,,,,133,,,,,,,,,,,,,,,,,,,,,,,,,,,,,,,,,,,,,,,,,,,,,,,,,,,,,,,,,,,,
Colors of Love,Movie,,02/04/2021,TRUE,135,104,,,,,,,,,,,,,,,,,,,,,,,,,,,,,,,,,,,,,,,,,,,,,,,,,,,,,,,,,,,,,,,,,,,,,,,,,,,,,,,,,,,,,,,,,,,,,,,,,,,,,,,,,
Faraaz,Movie,,02/03/2023,TRUE,,,,,,,,,,,,,,,,,,,,,,,,,,,,,,,,,,,,,,,,,,,,,,,,,,,,,,,,,,,,,,,,,,,,,,,,,,,,,,,,,,,,,,,,,,,109,161,113,83,83,,,,,,,,,,,,
Infiesto,Movie,,02/03/2023,TRUE,,,,,,,,,,,,,,,,,,,,,,,,,,,,,,,,,,,186,304,423,443,413,322,249,147,,,,,,,,,,,,,,,,,,,,,,,,,,,,,,,,,,,,,,,,,,,,,,,,,,,,,,,,,,,,,,,,,
True Spirit,Movie,,02/03/2023,TRUE,,,,,,,,,,,,,,,,,,,,,,,,,,,,,,,,,,,152,347,563,628,661,656,621,490,413,321,262,198,,,,,,,,,,,,,,,,,,,,,,,,,,,,,,,,,,,,,,,,,,,,,,,,,,,,,,,,,,,,,
Firefly Lane,TV,10,02/03/2021,TRUE,,,,,,,,,,,,,,,,,,,,,,,,,,,,,,,,,,,,,,,,,,,,,,,,,,,,,,,,,,,,,,,,,,,,,,,,,,,,,,,,,,,,,,,,,,,,,,,,,,,,,,,,,,,
Asterix & Obelix: The Middle Kingdom,Movie,,02/01/2023,TRUE,,,,,,,,,,,,,,,,,,,,,,,,,,,,,,,,,,,,,,,,,,,,,,,,,,,,,,,,,,,,,,,,,,,,,,,,,,,,,,,,,,,,,,,,,,,,,,,,,,,,,,,,,,,
Wrong Side of the Tracks,TV,9,02/01/2022,TRUE,,,,,,,,,,,,,,,,,,,,,,,,,,,,,,,,,,,,,,,,,,,,,,,,,,,,,,,,,,,,219,334,385,402,421,434,442,375,309,238,225,207,202,186,183,140,108,90,,,,,,,,,,,,,,,,,,,,,,,,,,,,,,
The Hurricane Heist,Movie,,02/01/2018,TRUE,,,,,,,,,,,,,,,,,,,,,,,,,,,,,,,,200,184,187,155,125,,,,,,,,,,,,,,,,,,,,,,,,,,,,,,,,,,,,,,,,,,,,,,,,,,,,,,,,,,,,,,,,,,,,,,,
"Pamela, A Love Story",Movie,,01/31/2023,TRUE,,,,,,,,,,,,,,,,,,,,,,,,,,,,,,,,363,460,500,358,305,239,231,224,194,191,139,,,,,,,,,,,,,,,,,,,,,,,,,,,,,,,,,,,,,,,,,,,,,,,,,,,,,,,,,,,,,,,,,
Next in Fashion,TV,7,01/29/2020,TRUE,,,,,,,,,,,,,,,,,,,,,,,,,,,,,,,,,,,,,,,,,,,,,,,,,,,,,,,,,,,,,,260,464,471,478,475,372,269,187,141,,,,,,,,,,,,,,,,,,,,,,,,,,,,,,,,,,,,,
Lockwood & Co.,TV,4,01/27/2023,TRUE,,,,,,,,,,,,,,,,,,,,,,,,,,,,374,585,631,635,597,568,533,495,445,426,394,322,284,189,,,,,,,,,,,,,,,,,,,,,,,,,,,,,,,,,,,,,,,,,,,,,,,,,,,,,,,,,,,,,,,,,,
The Snow Girl,TV,10,01/27/2023,TRUE,,,,,,,,,,,,,,,,,,,,,,,,,,,,410,548,620,623,597,586,557,526,506,488,444,371,332,220,152,,,,,,,,,,,,,,,,,,,,,,,,,,,,,,,,,,,,,,,,,,,,,,,,,,,,,,,,,,,,,,,,,
Soy Georgina,TV,4,01/27/2022,TRUE,,,,,,,,,,,,,,,,,,,,,,,,,,,,,,,,,,,,,,,,,,,,,,,,,,,,,,,,,,,,,,,,,,,,,,,,,,,,,,,,,,,367,429,398,385,351,280,222,180,169,,,,,,,,,,,,,,,,
The Lodge,Movie,,01/25/2019,TRUE,,,,,,,,,,,,,,,,,,,,,,,,,,,,,,,,,,,,,,,,,,,,,,,,,,,,,,,,,,,,,,,,,,,,,,,,,,,,,,,,,,,,,,,,,,,,,,,,,,,,,,,,,,,
Agneepath,Movie,,01/25/2012,TRUE,,,,,,,,,,,,,,,,,,,,,,,,,,,,,,,,,,,,,,,,,,,,,,,,,,,,,,,,,,,,,,,,,,,,,,,,,,,,,112,,104,,,,,,,,,,,,,,,,,,,,,,,,,,,,
Physical: 100,TV,12,01/24/2023,TRUE,,,,,,,,,,,,,,,,,,,,,,,,,,254,374,258,185,,,475,449,411,418,398,356,321,715,680,553,519,490,410,634,622,478,425,387,337,289,,522,351,284,252,215,182,147,,,,,,,,,,,,,,,,,,,,,,,,,,,,,,,,,,,,,,,,,,,,,,,,
Rise of Empires: Ottoman,TV,8,01/24/2020,TRUE,174,,,,,,,,,,,,,,,,,,,,,,,,,,,,,,,,,,,,,,,,,,,,,,,,,,,,,,,,,,,,,,,,,,,,,,,,,,,,,,,,,,,,,,,,,,,,,,,,,,,,,,,,,,
Victim/Suspect,Movie,,01/23/2023,TRUE,,,,,,,,,,,,,,,,,,,,,,,,,,,,,,,,,,,,,,,,,,,,,,,,,,,,,,,,,,,,,,,,,,,,,,,,,,,,,,,,,,,,,,,,,,,,,,,,,,,,,,,,,,,
Kung Fu Panda 3,Movie,,01/23/2016,TRUE,,,,,,,,,,,,,,,,,,,,,,,,,,,,,,,,,,,,,,,,,,,,,,,,,,,,,,,,,,,,,,,,,,,,,,,,,,,,,,,,,,,,,,,,,,,,,,,,,,,,,,,,,,,
Risen,Movie,,01/22/2016,TRUE,,,,,,,,,,,,,,,,,,,,,,,,,,,,,,,,,,,,,,,,,,,,,,,,,,,,,,,,,,,,,,,,,,,,,,,,,,,,,,,,,,,,,,,,,,,,,,,,,,,128,,145,,,,,,
Bling Empire: New York,TV,4,01/20/2023,TRUE,,,,,,,,,,,,,,,,,,,,,,,,140,145,,,,,,,,,,,,,,,,,,,,,,,,,,,,,,,,,,,,,,,,,,,,,,,,,,,,,,,,,,,,,,,,,,,,,,,,,,,,,,,,,,
JUNG_E,Movie,,01/20/2023,TRUE,,,,,,,,,,,,,,,,,,,,,685,789,813,779,693,604,443,276,162,,,,,,,,,,,,,,,,,,,,,,,,,,,,,,,,,,,,,,,,,,,,,,,,,,,,,,,,,,,,,,,,,,,,,,,,,,,,,,
Mission Majnu,Movie,,01/20/2023,TRUE,,,,,,,,,,,,,,,,,,,,,175,217,253,260,269,232,208,177,147,138,,,,,,,,,,,,,,,,,,,,,,,,,,,,,,,,,,,,,,,,,,,,,,,,,,,,,,,,,,,,,,,,,,,,,,,,,,,,,
Shahmaran,TV,6,01/20/2023,TRUE,,,,,,,,,,,,,,,,,,,,,,246,363,439,493,452,378,289,224,228,198,150,125,,103,,,,,,,,,,,,,,,,,,,,,,,,,,,,,,,,,,,,,,,,,,,,,,,,,,,,,,,,,,,,,,,,,,,,,,,,
You People,Movie,,01/20/2023,TRUE,,,,,,,,,,,,,,,,,,,,,,,,,,,,731,773,793,825,807,773,732,688,594,552,507,476,454,427,352,351,285,274,219,160,152,148,126,,,,,,,,,,,,,,,,,,,,,,,,,,,,,,,,,,,,,,,,,,,,,,,,,,,,,,,,,
That '90s Show,TV,4,01/19/2023,TRUE,,,,,,,,,,,,,,,,,,,,349,399,338,271,251,210,174,158,,,,,,,,,,,,,,,,,,,,,,,,,,,,,,,,,,,,,,,,,,,,,,,,,,,,,,,,,,,,,,,,,,,,,,,,,,,,,,,,
The Wedding Ringer,Movie,,01/16/2015,TRUE,,,,,,,,,,,,,,,,,,,,,,,,,,,,,,,,,,,,,,,,,,,,,,,,,,,,,,,,,,,,,,,,,,,,,,,,,,,,,,,,,,,,,,,,,,,,,,,,,,,,,,99,107,,,,
Bad Boys for Life,Movie,,01/15/2020,TRUE,,,,,,,,,,,,,,,,,,,,,,,,,,,,,,,,,,,,,,,,,,,,,,,,,,,,,,,,184,192,195,192,167,151,130,133,129,,,,108,100,116,129,111,106,98,,,,,,,,,,,,,,,,,,,,,,,,,,,,,,,,,
Crash Course In Romance,TV,4,01/14/2023,TRUE,,,,,,,,,,,,,,,,,,,,,,,,,,,,,,,,,,,,119,193,184,141,130,,,165,179,,,,,,174,172,,,,,,228,206,143,132,,,157,308,243,183,150,122,,,171,132,107,,,,,189,145,110,,,,,173,136,95,,,,,,,,,,,,,,,,,,,,
Elektra,Movie,,01/14/2005,TRUE,,,,,,,,,,,,,,,,,,,126,139,102,86,,,,,,,,,,,,,,,,,,,,,,,,,,,,,,,,,,,,,,,,,,,,,,,,,,,,,,,,,,,,,,,,,,,,,,,,,,,,,,,,,,,,,
Disconnect: The Wedding Planner,Movie,,01/13/2023,TRUE,,,,,,,,,,,,,,,,83,110,110,,98,,,,,,,,,,,,,,,,,,,,,,,,,,,,,,,,,,,,,,,,,,,,,,,,,,,,,,,,,,,,,,,,,,,,,,,,,,,,,,,,,,,,,,,
Dog Gone,Movie,,01/13/2023,TRUE,,,,,,,,,,,,,,501,645,665,684,631,569,498,439,357,308,178,133,,,,,,,,,,,,,,,,,,,,,,,,,,,,,,,,,,,,,,,,,,,,,,,,,,,,,,,,,,,,,,,,,,,,,,,,,,,,,,,,,,
Kuttey,Movie,,01/13/2023,TRUE,,,,,,,,,,,,,,,,,,,,,,,,,,,,,,,,,,,,,,,,,,,,,,,,,,,,,,,,,,,,,,,,,,,,,,,,,,,157,115,,,,,,,,,,,,,,,,,,,,,,,,,,,,,,,
Waltair Veerayya,Movie,,01/13/2023,TRUE,,,,,,,,,,,,,,,,,,,,,,,,,,,,,,,,,,,,,,,,,,,,,,,,,,,,,,,,,,,155,110,103,,,,,,,,,,,,,,,,,,,,,,,,,,,,,,,,,,,,,,,,,,,,,,
Thunivu,Movie,,01/11/2023,TRUE,,,,,,,,,,,,,,,,,,,,,,,,,,,,,,,,,,,,,,,,130,156,134,189,182,178,170,147,,,,,,,,,,,,,,,,,,,,,,,,,,,,,,,,,,,,,,,,,,,,,,,,,,,,,,,,,,,,
The Hatchet Wielding Hitchhiker,Movie,,01/10/2023,TRUE,,,,,,,,,,,215,304,325,271,213,177,172,135,,,,,,,,,,,,,,,,,,,,,,,,,,,,,,,,,,,,,,,,,,,,,,,,,,,,,,,,,,,,,,,,,,,,,,,,,,,,,,,,,,,,,,,,,
Workin' Moms,TV,3,01/10/2017,TRUE,,,,,,,,,,,,,,,,,,,,,,,,,,,,,,,,,,,,,,,,,,,,,,,,,,,,,,,,,,,,,,,,,,,,,,,,,,,,,,,,,,,,,,,,,,,,,,,,,,,,,,,,,,,
The Pale Blue Eye,Movie,,01/06/2023,TRUE,,,,,,,754,836,851,842,829,795,738,706,681,642,503,442,398,372,310,321,311,205,168,131,101,,,,,,,,,,,,,,,,,,,,,,,,,,,,,,,,,,,,,,,,,,,,,,,,,,,,,,,,,,,,,,,,,,,,,,,,,,,,,,,,
Madoff: The Monster of Wall Street,TV,5,01/04/2023,TRUE,,,,,,179,155,,,,,,,,,,,,,,,,,,,,,,,,,,,,,,,,,,,,,,,,,,,,,,,,,,,,,,,,,,,,,,,,,,,,,,,,,,,,,,,,,,,,,,,,,,,,,,,,,,,,
Jak zostałem gangsterem. Historia prawdziwa,Movie,,01/02/2020,TRUE,,,,,206,314,352,311,281,351,293,249,170,98,,,,,,,,,,,,,,,,,,,,,,,,,,,,,,,,,,,,,,,,,,,,,,,,,,,,,,,,,,,,,,,,,,,,,,,,,,,,,,,,,,,,,,,,,,,,,
Kaleidoscope,TV,9,01/01/2023,TRUE,,529,757,769,777,709,672,669,666,622,585,559,486,446,433,437,411,403,379,328,258,193,170,,,,,,,,,,,,,,,,,,,,,,,,,,,,,,,,,,,,,,,,,,,,,,,,,,,,,,,,,,,,,,,,,,,,,,,,,,,,,,,,,,,,
Lady Voyeur,TV,8,01/01/2023,TRUE,,,320,368,348,265,218,187,172,151,,,,,,,,,,,,,,,,,,,,,,,,,,,,,,,,,,,,,,,,,,,,,,,,,,,,,,,,,,,,,,,,,,,,,,,,,,,,,,,,,,,,,,,,,,,,,,,,,
Single’s Inferno,TV,3,01/01/2021,TRUE,,,,171,130,,,,,,314,170,,,,,,,,,,,,,,,,,,,,,,,,,,,,,,,,,,,,,,,,,,,,,,,,,,,,,,,,,,,,,,,,,,,,,,,,,,,,,,,,,,,,,,,,,,,,,,,
Kathal,Movie,,,FALSE,,,,,,,,,,,,,,,,,,,,,,,,,,,,,,,,,,,,,,,,,,,,,,,,,,,,,,,,,,,,,,,,,,,,,,,,,,,,,,,,,,,,,,,,,,,,,,,,,,,,,,,,,,,
Rana Naidu,TV,11,,FALSE,,,,,,,,,,,,,,,,,,,,,,,,,,,,,,,,,,,,,,,,,,,,,,,,,,,,,,,,,,,,,,,,,,,,,,,108,114,115,113,,,,,,,,,,,,,,,,,,,,,,,,,,,,,,,,,